Topic,Blend Type,Pain Points,Search Volume,Audience,Status,Interest Rating (1-10),Create Similar?,Priority (1-5),Affiliate Potential,Target Keywords,Est. Traffic,Want Elements,Need Elements
First Time Divorced,Want + Need,Identity loss | Financial devastation | Crushing loneliness | Failure shame | Co-parenting nightmare | Dating terror,Very High,Men 40-60,Not Started,,,5,High,"first time divorced, divorce guide for men, surviving divorce",150K+,"Bachelor pad setup $2k | Dating wardrobe | Hobby gear | New car | Home office","Divorce lawyer | Therapy guide | Support groups | Financial reset | Co-parenting | Dating timeline"
First Time Living Alone,Want + Need,Crushing loneliness | Don't know how to home | Cooking for one | No routine | Safety fears | Stigma,Very High,Men 30-60,Not Started,,,5,High,"first time living alone, living alone after divorce, solo living men",100K+,"Essential furniture $2k | Cooking gear | Home security | Smart home | Making space home","Combating loneliness | Building routines | Making friends | Mental health | Communities | When to get pet"
First Time Father Over 40,Want + Need,Physical stamina fears | Sleep deprivation | Missing milestones | Older parent stigma | Financial pressure,High,Men 40-55,Not Started,,,5,High,"first time dad at 40, late fatherhood, father over 40",85K,"Fitness plan | Dad gear | Energy supplements | Nursery setup | Dad wardrobe","Older dad groups | Energy/health management | Finding older dads | Couples therapy | Financial planning"
First Time Motorcycle Rider,Want + Need,Fear of death/injury | Embarrassment at age | Overwhelming choices | Family resistance | Cost anxiety $7k+,Very High,Men 40-60,Not Started,,,5,High,"first time motorcycle, beginner motorcycle, learning to ride motorcycle",95K,"Best bikes under $7k | Safety gear $1k | Maintenance tools | Riding gear | Garage setup","Overcoming fear | Finding riding community | Family concerns | Beginner courses MSF | First ride stories"
First Time Dating After Long Relationship,Want + Need,20+ year skills gap | Online dating confusion | Body insecurity | Sexual anxiety | Kids involvement | Comparison to ex,Very High,Men 40-65,Not Started,,,5,Medium,"dating after divorce, dating after long relationship, dating over 40",125K,"Dating wardrobe | Grooming upgrade | Photo guide | Restaurant picks | Cologne","When to start | Profile writing | First date tips | Boundaries | Red flags | Sex after long partner | Therapy"
First Time Camping/Overlanding,Want + Need,Gear overwhelm | Discomfort fears | Safety alone | Too old for this?,High,Men 35-60,Not Started,,,4,High,"first time camping, beginner camping, camping for adults",80K,"Complete kit $500 | Vehicle setup | Clothing | Tent selection | Cooking gear","Solo camping safety | Finding campgrounds | Overcoming fears | Camping community | YouTube channels"
First Time Fisherman,Want + Need,Don't know where to start | Embarrassed to ask basics | No fishing friends | Gear confusion,High,Men 40-65,Not Started,,,4,Medium,"first time fishing, beginner fishing, learn to fish",75K,"Starter rod/reel $200 | Tackle essentials | Boat/kayak guide | Clothing | Storage","Finding buddies | YouTube channels | Local spots | Patience practice | Fishing communities"
First Time Home Buyer After Divorce,Want + Need,Scared of commitment | Down payment after split | What size need? | Alone decision,High,Men 40-60,Not Started,,,4,High,"buying house after divorce, first home after split, homeowner after divorce",65K,"Condo vs house | Essential furniture | Tool starter kit | Moving checklist | Smart home","Mortgage after divorce | Agent search | Downsizing emotions | New start mindset | Financial planning"
First Time Gym Member After 40,Want + Need,Intimidation | Don't know machines | Old injuries | Body shame | Out of shape,High,Men 40-65,Not Started,,,4,Medium,"first time gym at 40, gym for beginners, starting gym older",70K,"Workout clothes | Gym bag essentials | Supplements | Fitness tracker | Water bottle","Beginner program | Gym etiquette | Finding workout partner | Trainer selection | Overcoming shame"
First Time Therapist Visit,Want + Need,Stigma overcome | Don't know what to say | Cost concern | Finding right fit | Admitting need,High,Men 25-60,Not Started,,,5,Low,"first therapy session, seeing therapist first time, starting therapy",85K,"What to wear | Notebook | Preparing questions | How to book | Insurance check","Finding therapist | What to expect | Types of therapy | Insurance navigation | Ongoing commitment"
First Time Living With Partner Late in Life,Want + Need,Set in ways | Scared of losing independence | Kids involved | Bathroom sharing | Space compromise,Medium,Men 45-65,Not Started,,,3,Medium,"moving in together over 40, cohabitation late life, living together first time",40K,"Combining households | Furniture compromise | His/hers spaces | Storage solutions | Bedroom setup","Boundary setting | Communication tools | Blended family | Maintaining identity | Conflict resolution"
First Time Backpacking/Hiking,Want + Need,Out of shape | Don't know trails | Safety alone | Expensive gear perception | Physical limits,Medium,Men 35-60,Not Started,,,3,High,"first time backpacking, beginner hiking, starting hiking",55K,"Boot selection | Pack essentials | Clothing layers | Navigation tools | Emergency gear","Building fitness | Hiking groups | Trail selection | Conquering fear | Leave no trace | Safety tips"
First Time Woodworking,Want + Need,Don't have workshop | Tools expensive | Safety fears | Don't know where to start | Noise complaints,High,Men 35-65,Not Started,,,4,High,"first time woodworking, beginner woodworking, woodworking basics",60K,"Essential first 5 tools | Small project ideas | Safety gear | Workbench | Storage","YouTube channels | Finding mentors | Apartment-friendly | Skill progression | Online communities"
First Time Solo Traveler,Want + Need,Lonely? | Safety concerns | Looks pathetic alone? | Expensive single supplements | Planning overwhelm,Medium,Men 40-65,Not Started,,,3,High,"first time solo travel, traveling alone men, solo travel over 40",50K,"Luggage | Travel tech | Safety gear | Planning apps | Travel insurance","Overcoming stigma | Solo destinations | Meeting people | Restaurant solo | Group tours option"
First Time Entrepreneur Over 40,Want + Need,Risk with family | Competing with youth | No safety net | Fear of failure | Identity tied to job,Medium,Men 40-60,Not Started,,,3,High,"starting business at 40, entrepreneur over 40, first business midlife",45K,"Office setup | Business tools | Website | Marketing | Accounting software","Business planning | Legal structure | Managing risk | Support network | Time management | Mindset"
First Time Sober/Quitting Drinking,Want + Need,Social pressure | Identity tied to drinking | Coping mechanisms gone | Telling people | Withdrawal,Medium,Men 30-60,Not Started,,,4,Medium,"quitting drinking, getting sober, sober curious men",50K,"Non-alcoholic drinks | New hobbies | Fitness recovery | Books | Apps","AA alternatives | Sober communities | Dealing with triggers | New social life | Support groups"
First Time Meditator (Skeptical Men),Want + Need,Can't sit still | Woo-woo resistance | Don't have time | Am I doing it wrong? | Need proof,Medium,Men 35-60,Not Started,,,3,Medium,"meditation for men, beginner meditation, meditation skeptics",45K,"Apps | Cushion setup | Timer | Books | Headphones","Practical benefits | 5-minute practices | Types explained | Overcoming resistance | Consistency"
First Time Gardening,Want + Need,Kill everything | Don't know what grows where | Time commitment | Space limitations,Low,Men 40-65,Not Started,,,2,Medium,"first time gardening, beginner gardening men, starting garden",30K,"Tool essentials | Seeds vs plants | Raised beds | Watering systems | Soil","Building patience | Online communities | Seasonal guide | Small wins | What to grow first"
First Time Cooking For Yourself,Want + Need,Always had someone cook | Fast food expensive/unhealthy | Lonely eating | Kitchen confusion,Medium,Men 40-60,Not Started,,,3,Medium,"learning to cook men, cooking for one, beginner cooking",40K,"Essential kitchen tools | Meal prep containers | Beginner recipes | Knife skills | Pantry essentials","Cooking basics | Meal planning | Making it enjoyable alone | YouTube channels | Grocery shopping"
First Time Bike Commuter,Want + Need,Dangerous traffic | Arriving sweaty | Bike theft | Weather concerns | Route confusion,Low,Men 30-50,Not Started,,,2,High,"bike commuting, cycling to work, first time bike commuter",25K,"Commuter bike | Safety gear | Lock | Panniers/bags | Rain gear | Lights","Route planning | Overcoming fear | Bike commuter community | Shower solutions | Weather strategies"
First Time Dog Owner After Divorce,Want + Need,Responsibility scary | Cost concern | Rental restrictions | Time commitment | Loneliness solution,Medium,Men 40-60,Not Started,,,3,Medium,"first dog after divorce, dog for single men, first time dog owner",35K,"Breed selection | Essential gear | Training tools | Vet costs | Supplies","Dealing with loss risk | Combating loneliness | Routine building | Dog communities | Training classes"
First Time Volunteering,Want + Need,Don't know where to start | Time commitment | What can I offer? | Feeling awkward,Low,Men 50-70,Not Started,,,2,Low,"volunteering for men, finding volunteer work, first time volunteer",20K,"Background check | Appropriate clothing | Transportation | Time blocking","Finding meaningful causes | Making impact | Meeting people | Overcoming impostor syndrome | Purpose"
First Time Yogi (Men),Want + Need,Flexibility embarrassment | Not manly | Women-dominated | Don't know styles | Can't touch toes,Medium,Men 35-60,Not Started,,,3,Medium,"yoga for men, beginner yoga men, first yoga class",42K,"Mat selection | Clothing that works | Props needed | Home vs studio","Overcoming stigma | Beginner classes | Male-friendly studios | Mobility benefits | Injury prevention"
First Time Couples Therapy,Want + Need,Admission of failure | Vulnerable in front of stranger | Expensive | Time commitment | Fear,Medium,Men 35-60,Not Started,,,4,Low,"first couples therapy, marriage counseling, starting therapy couple",38K,"Finding therapist | Insurance navigation | What to expect | Scheduling","Preparing for honesty | Managing expectations | Staying consistent | Homework | Communication skills"
First Time Empty Nester,Want + Need,Purpose loss | Quiet house | Relationship with spouse strained | Who am I now? | Too much time,Low,Men 50-65,Not Started,,,2,Medium,"empty nest syndrome, empty nester men, life after kids leave",22K,"Home renovation | Travel planning | Hobby gear | Downsizing | New furniture","Reconnecting with spouse | Finding purpose | Managing emotions | New phase excitement | Identity"
First Time Hunter,Want + Need,Ethics concerns | Don't know where to start | Expensive | Safety fears | No hunting friends,Low,Men 30-55,Not Started,,,2,High,"first time hunting, beginner hunting, learn to hunt",28K,"Rifle selection | Hunting license | Safety gear | Camo clothing | Field dressing tools","Hunter safety course | Finding mentors | Ethics of hunting | Where to hunt | Hunting community"
First Time Paddle Boarder,Want + Need,Balance fears | Looks easy but hard | Transport issues | Safety on water,Low,Men 30-55,Not Started,,,2,Medium,"first time paddleboarding, SUP for beginners, learning to paddleboard",18K,"Board selection | Paddle | Life vest | Roof rack | Wetsuit","Beginner tips | Finding calm water | Balance techniques | Safety | SUP yoga"
First Time Golfer,Want + Need,Expensive | Intimidating | Time commitment | Slow learners holding up | Country club culture,Low,Men 35-60,Not Started,,,2,High,"beginner golf, first time golfer, learn golf",32K,"Starter club set | Golf shoes | Glove | Balls | Bag | Lessons","Golf etiquette | Finding beginner courses | Group lessons | Overcoming intimidation | Pace of play"
First Time Podcaster,Want + Need,Technical overwhelm | What do I talk about? | Nobody will listen | Expensive equipment,Low,Men 30-50,Not Started,,,2,High,"starting podcast, first podcast, podcast for beginners",25K,"Microphone | Recording software | Editing tools | Hosting | Headphones","Finding topic | Consistency | Growing audience | Overcoming fear | Monetization basics"
First Time Home Renovator,Want + Need,Don't know where to start | Budget balloons | Contractors scam | Live in chaos | Permits,Medium,Men 35-60,Not Started,,,3,Medium,"first home renovation, DIY renovation, beginner home improvement",35K,"Essential tools | Materials shopping | Contractor finding | Budget templates","Project planning | Avoiding mistakes | Living through reno | DIY vs hire | Timeline reality"