Topic,Category,Pain Point,Search Volume,Audience,Status,Interest Rating (1-10),Create Similar?,Priority (1-5),Affiliate Potential,Target Keywords,Est. Traffic,Notes
First Time Divorced - Complete Survival Guide,Mental Health,Identity loss - financial devastation - loneliness - failure shame,Very High,Men 40-60,Not Started,,,5,Medium,"first time divorced, divorce survival guide men, life after divorce for men",120K+,25% divorces are 50+
Midlife Crisis - Is This Real?,Mental Health,Questioning everything - career dissatisfaction - marriage strain,High,Men 40-55,Not Started,,,5,Low,"midlife crisis men, men's midlife crisis symptoms, dealing with midlife crisis",75K,15.5% of men experience it
Male Loneliness Epidemic,Mental Health,Few close friends - surface relationships - don't know how to connect,High,Men 30-60,Not Started,,,5,Low,"male loneliness, men's loneliness epidemic, making friends as man",65K,57% report loneliness
Therapy Guide for Men,Mental Health,Don't know where to start - stigma - cost - finding right fit,Very High,Men 25-60,Not Started,,,5,Low,"therapy for men, finding therapist, men's mental health therapy",95K,95% now prioritize it
Depression Without Knowing It,Mental Health,Irritability - anger - physical symptoms - don't recognize,High,Men 30-60,Not Started,,,4,Low,"depression in men, male depression symptoms, men's depression",80K,Different symptoms than women
Anxiety Management,Mental Health,Constant worry - panic attacks - work stress,High,Men 25-55,Not Started,,,4,Low,"anxiety management men, panic attack help, dealing with anxiety",70K,Work stress epidemic
Burnout Recovery,Mental Health,Can't quit job - exhausted - no motivation,High,Men 30-55,Not Started,,,5,Low,"burnout recovery, dealing with burnout, career burnout",60K,Work-life balance critical
Suicide Prevention Resources,Mental Health,Dark thoughts - nobody to talk to - crisis moment,High,Men 25-60,Not Started,,,5,Low,"suicide prevention men, 988 hotline, men's crisis help",50K,Critical safety content
Grief and Loss,Mental Health,Parent death - friend loss - not allowed to be sad,Medium,Men 30-70,Not Started,,,3,Low,"grief for men, men's grief, dealing with loss",35K,Men grieve differently
PTSD and Trauma,Mental Health,Military service - childhood trauma - accident,Medium,Men 25-60,Not Started,,,3,Low,"PTSD in men, trauma therapy, dealing with PTSD",40K,Veteran audience large
Dating After Divorce Over 40,Relationships,Rusty skills - online dating confusion - baggage - kids,Very High,Men 40-65,Not Started,,,5,Medium,"dating after divorce, dating over 40 men, divorced men dating",110K,Second most stressful event
First Time Single in 20+ Years,Relationships,Who am I? - social circles gone - weekends alone,High,Men 40-65,Not Started,,,5,Low,"single after divorce, newly single at 40, starting over single",55K,Identity crisis content
Dating Younger Women - Age Gap,Relationships,Judgment - different life stages - looking predatory,Medium,Men 35-60,Not Started,,,3,Low,"dating younger women, age gap relationship, older man dating",45K,Controversial but searched
Dating Older Women,Relationships,Intimidation - social expectations flipped,Low,Men 25-45,Not Started,,,2,Low,"dating older women, dating mature women, cougar dating",25K,Less common but growing
Sex After 40/50,Relationships,Performance anxiety - ED - lower libido - body image,High,Men 40-65,Not Started,,,4,High,"sex after 40, ED solutions, performance anxiety",85K,High embarrassment factor
Rebuilding Marriage,Relationships,Grown apart - routine killed romance - considering divorce,Medium,Men 35-60,Not Started,,,4,Low,"saving marriage, marriage counseling, rebuilding relationship",50K,Last attempt before divorce
Difficult Conversations,Relationships,Avoiding conflict - can't express feelings - resentment,Medium,Men 30-60,Not Started,,,3,Low,"difficult conversations, communication in relationships, expressing feelings",30K,Skills deficit common
Co-Parenting With Difficult Ex,Relationships,High conflict - kids in middle - manipulation,High,Men 30-55,Not Started,,,4,Low,"co-parenting with difficult ex, parallel parenting, dealing with toxic ex",60K,Major pain point
Blended Families,Relationships,Step-parenting challenges - ex drama - kids don't accept,Medium,Men 35-55,Not Started,,,3,Low,"blended family challenges, stepparenting tips, second marriage with kids",35K,Growing demographic
Father-Son Relationship Repair,Relationships,Estranged - different values - time running out,Low,Men 50-70,Not Started,,,2,Low,"father son relationship, repairing relationship with son, estranged son",20K,Aging parent angle
Making Friends After 40,Connection,Everyone married/busy - moved cities - don't know where to meet,High,Men 40-65,Not Started,,,5,Low,"making friends after 40, men's friendships, how to make friends as adult",70K,Epidemic levels loneliness
Men's Support Groups That Don't Suck,Connection,Cheesy programs - religious only - intimidated,Medium,Men 30-60,Not Started,,,4,Low,"men's support groups, men's groups, brotherhood groups",30K,Heare Brotherhood 7K members
Father-Daughter Relationship,Connection,Doesn't talk to me - teenage years - don't understand her,Medium,Men 35-60,Not Started,,,3,Low,"father daughter relationship, connecting with teenage daughter, dad daughter bond",35K,Teen years challenge
Reconnecting With Old Friends,Connection,Grew apart - don't know what to say - fear rejection,Medium,Men 30-60,Not Started,,,3,Low,"reconnecting with old friends, reaching out to old friends, lost touch",25K,Common regret
Building Social Life From Scratch,Connection,Moved cities - post-divorce isolation - WFH isolation,High,Men 30-60,Not Started,,,4,Low,"building social life, making friends after move, social life after divorce",45K,Fresh start challenge
Online Communities for Men,Connection,Surface relationships - trolls - where to find real support,Medium,Men 25-50,Not Started,,,3,Low,"online communities for men, men's forums, Reddit men's groups",30K,Digital connection
Combating Loneliness While Living Alone,Connection,Every evening alone - weekends drag - talking to nobody,High,Men 30-60,Not Started,,,5,Low,"living alone loneliness, combating loneliness, solo living tips",50K,Health impact significant
Mentor Relationships,Connection,No guidance - making same mistakes - nobody to ask,Medium,Men 30-55,Not Started,,,3,Low,"finding mentor, mentorship for men, business mentor",25K,Career and life guidance
Volunteering and Purpose,Connection,What's it all for? - need to matter - time to give back,Low,Men 50-70,Not Started,,,2,Low,"volunteering for men, finding purpose, meaningful volunteer work",15K,Retirement transition
Brotherhood/Fraternity for Adults,Connection,Miss team/military camaraderie - surface friendships,Low,Men 30-60,Not Started,,,2,Low,"men's brotherhood, adult fraternity, men's organizations",12K,Veteran angle strong
Career Change After 40,Career,Hate job - golden handcuffs - too late? - family pressure,High,Men 40-60,Not Started,,,5,Medium,"career change at 40, switching careers at 40, midlife career change",85K,Common midlife decision
First Time Unemployed,Career,Identity loss - financial panic - age discrimination,High,Men 35-60,Not Started,,,4,Low,"dealing with unemployment, job search over 40, unemployment at 50",60K,Layoff epidemic
Burnout Without Quitting,Career,Can't afford to quit - family depends on income - stuck,High,Men 30-55,Not Started,,,5,Low,"work burnout, job burnout recovery, burnout can't quit",55K,Trapped feeling
Side Hustle Guide,Career,Need extra income - escape plan - use skills differently,High,Men 30-55,Not Started,,,4,High,"side hustle ideas, side income for men, starting side business",90K,Gig economy strong
Retirement Planning Reality Check,Career,Behind on savings - don't know how much need - late start,High,Men 45-65,Not Started,,,4,High,"retirement planning at 40, late retirement savings, catch up retirement",75K,Financial anxiety high
Dealing With Younger Boss,Career,Ego hit - feeling obsolete - different work styles,Low,Men 45-65,Not Started,,,2,Low,"dealing with younger boss, working for younger manager, age at work",18K,Ego challenge
Negotiating Raise/Promotion,Career,Underpaid - passed over - don't know worth,Medium,Men 30-55,Not Started,,,3,Low,"negotiating salary, asking for raise, promotion strategy",40K,Money conversation
Purpose After Success,Career,Achieved goals - now what? - empty feeling,Low,Men 45-65,Not Started,,,2,Low,"finding purpose, life after success, meaning beyond money",15K,Existential crisis
Starting Business Over 40,Career,Risk with family - no safety net - competing with young,Medium,Men 40-60,Not Started,,,3,High,"starting business at 40, entrepreneurship over 40, late entrepreneur",35K,Second act careers
Age Discrimination in Hiring,Career,Interviews go nowhere - overqualified - younger chosen,Medium,Men 50-65,Not Started,,,3,Low,"age discrimination job search, finding job over 50, older worker discrimination",30K,Legal angle important