Category,Total Topics,Not Started,In Progress,Published,Avg Interest Rating,High Priority Count,High Affiliate Potential,Est. Monthly Traffic,Top 3 Topics by Search Volume,Notes
What I Want - My Ride,5,5,0,0,0,3,5,"143K","First Time Motorcycle (50K) | Electric Vehicle (40K) | Project Car (20K)",Strong affiliate opportunities across all topics
What I Want - My Gear,10,10,0,0,0,7,8,"520K","Home Gym (85K) | Camping (75K) | Fishing (60K)",Largest category - massive traffic potential
What I Want - My Space,10,10,0,0,0,6,7,"460K","Home Office (70K) | Smart Home (65K) | Garage Gym (55K)",Home improvement boom continues
What I Want - My Body,10,10,0,0,0,6,5,"565K","Fitness After 40 (90K) | TRT (70K) | Sleep (60K)",Health anxiety = high engagement
What I Need - Mental Health,10,10,0,0,0,8,1,"645K","Therapy Guide (95K) | Divorced Guide (120K) | Depression (80K)",Critical content - low affiliate but high value
What I Need - Relationships,10,10,0,0,0,5,3,"565K","Dating After Divorce (110K) | Sex After 40 (85K) | Co-Parenting (60K)",Emotional pain = loyal readers
What I Need - Connection,10,10,0,0,0,4,0,"347K","Making Friends (70K) | Loneliness (50K) | Building Social Life (45K)",Loneliness epidemic content
What I Need - Career,10,10,0,0,0,5,3,"563K","Side Hustle (90K) | Career Change (85K) | Retirement (75K)",Career transitions massive
First Timer - Tier 1 (Highest Priority),5,5,0,0,0,5,4,"555K","Divorced (150K) | Dating After Long Relationship (125K) | Living Alone (100K)",Blend Want + Need perfectly
First Timer - Tier 2 (Strong Potential),10,10,0,0,0,7,7,"565K","Camping (80K) | Fishing (75K) | Gym After 40 (70K)",Proven search volume
First Timer - Tier 3 (Niche Valuable),10,10,0,0,0,4,5,"393K","Sober (50K) | Meditation (45K) | Solo Travel (50K)",Specific but engaged audience
First Timer - Tier 4 (Experimental),5,5,0,0,0,2,3,"138K","Home Renovator (35K) | Hunter (28K) | Golfer (32K)",Test these for engagement
TOTALS,100,100,0,0,0,62,51,"4.85M+","Total addressable monthly search traffic",Start with Tier 1 First Timers + high-volume What I Want

Quick Stats:
- 100 total content topics ready to produce
- 62 marked as high priority (1-5 scale where 4-5 = high)
- 51 topics have high affiliate potential
- Estimated 4.85M+ monthly search volume across all topics
- 0% content produced so far

Recommended Start Order:
1. First Timer Tier 1 topics (5 topics) - Highest pain + search volume + Want/Need blend
2. What I Want - My Gear top 3 (Home Gym | Camping | Fishing) - Massive traffic
3. What I Need - Mental Health top 3 (Therapy | Divorced | Depression) - Critical value
4. What I Want - My Body top 3 (Fitness 40 | TRT | Sleep) - Health anxiety
5. First Timer Tier 2 (10 topics) - Proven search demand

This gives you 24 pieces of foundational content hitting biggest pain points and traffic opportunities.